{"cameraMode":{"drawMode":0,"name":"Shaded","section":"Shading Mode"},"sceneLighting":false,"audioPlay":false,"sceneViewState":{"m_AlwaysRefresh":true,"showFog":true,"showSkybox":false,"showFlares":true,"showImageEffects":true,"showParticleSystems":true,"showVisualEffectGraphs":true,"m_FxEnabled":true},"in2DMode":false,"pivot":{"x":5.364418029785156e-7,"y":6.249999046325684,"z":-4.172325134277344e-7},"rotation":{"x":0.2982994019985199,"y":-0.022904329001903535,"z":0.007160305045545101,"w":0.9541712403297424},"size":6.789213180541992,"orthographic":false}