{"cameraMode":{"drawMode":0,"name":"Shaded","section":"Shading Mode"},"sceneLighting":false,"audioPlay":false,"sceneViewState":{"m_AlwaysRefresh":true,"showFog":true,"showSkybox":false,"showFlares":true,"showImageEffects":true,"showParticleSystems":true,"showVisualEffectGraphs":true,"m_FxEnabled":true},"in2DMode":false,"pivot":{"x":0.4114574193954468,"y":0.24999994039535523,"z":0.8229149580001831},"rotation":{"x":0.2978440821170807,"y":0.46357598900794985,"z":-0.16895580291748048,"w":0.8172149062156677},"size":0.9534077644348145,"orthographic":false}