{"cameraMode":{"drawMode":0,"name":"Shaded","section":"Shading Mode"},"sceneLighting":false,"audioPlay":false,"sceneViewState":{"m_AlwaysRefresh":true,"showFog":true,"showSkybox":true,"showFlares":true,"showImageEffects":true,"showParticleSystems":true,"showVisualEffectGraphs":true,"m_FxEnabled":true},"in2DMode":false,"pivot":{"x":22.953975677490236,"y":-8.831311225891114,"z":26.90100860595703},"rotation":{"x":0.21702273190021516,"y":0.30301809310913088,"z":-0.07107703387737274,"w":0.9252191185951233},"size":30.091081619262697,"orthographic":false}