{"cameraMode":{"drawMode":0,"name":"Shaded","section":"Shading Mode"},"sceneLighting":false,"audioPlay":false,"sceneViewState":{"m_AlwaysRefresh":true,"showFog":true,"showSkybox":false,"showFlares":true,"showImageEffects":true,"showParticleSystems":true,"showVisualEffectGraphs":true,"m_FxEnabled":true},"in2DMode":false,"pivot":{"x":0.41145744919776919,"y":0.24999979138374329,"z":0.8229150176048279},"rotation":{"x":0.1611391305923462,"y":-0.6898678541183472,"z":0.16181759536266328,"w":0.6869733929634094},"size":0.9534078240394592,"orthographic":false}