{"cameraMode":{"drawMode":0,"name":"Shaded","section":"Shading Mode"},"sceneLighting":false,"audioPlay":false,"sceneViewState":{"m_AlwaysRefresh":true,"showFog":true,"showSkybox":false,"showFlares":true,"showImageEffects":true,"showParticleSystems":true,"showVisualEffectGraphs":true,"m_FxEnabled":true},"in2DMode":false,"pivot":{"x":0.7175755500793457,"y":6.249999046325684,"z":0.5758233070373535},"rotation":{"x":-0.044577158987522128,"y":0.9358270168304443,"z":-0.325256884098053,"w":-0.12825773656368257},"size":1.1928937435150147,"orthographic":false}